<?xml version="1.0"?>
<!DOCTYPE article PUBLIC "-//NLM//DTD JATS (Z39.96) Journal Publishing DTD with OASIS Tables v1.0 20120330//EN" "JATS-journalpublishing-oasis-article1.dtd">
<article xmlns:mml="http://www.w3.org/1998/Math/MathML" xmlns:xlink="http://www.w3.org/1999/xlink" xmlns:oasis="http://www.niso.org/standards/z39-96/ns/oasis-exchange/table" article-type="tmech">
<front>
    <journal-meta>
        <journal-id journal-id-type="publisher">scibx</journal-id>
        <journal-title-group><journal-title>Science-Business eXchange</journal-title></journal-title-group>
        <issn pub-type="ppub">1945-3477</issn>
        <issn pub-type="epub">1945-3477</issn>
        <publisher><publisher-name>Nature Publishing Group</publisher-name></publisher>
    </journal-meta>
    <article-meta>
        <article-id pub-id-type="doi">10.1038/scibx.2008.1091</article-id>
        <article-id pub-id-type="publisher-id">scibx.2008.1091</article-id>
        <article-categories>
            <subj-group subj-group-type="category">
                <subject>tmech</subject>
            </subj-group>
            <subj-group subj-group-type="subjects">
            <subject content-type="subject">scibx-11</subject>
        </subj-group>
        </article-categories>
        <title-group>
            <article-title>Cancer's fuel duel</article-title>
        </title-group>
        <contrib-group>
            <contrib contrib-type="author">
                <name>
                <surname>Haas</surname>
                <given-names>Michael J</given-names>
            </name>
                <role>Senior Writer</role>
            </contrib>
        </contrib-group>
        <pub-date pub-type="issue-date">
            <day>18</day>
            <month>12</month>
            <year>2008</year>
        </pub-date>
        <volume>1</volume>
        <issue>45</issue>
        <fpage>1</fpage>
        <lpage>4</lpage>
        <permissions><copyright-year>2008</copyright-year><copyright-holder>Nature Publishing Group</copyright-holder></permissions>
        <related-article related-article-type="see-also" xlink:href="scibx.2008.1069" ext-link-type="article-id"/>
        <related-article related-article-type="see-also" xlink:href="scibx.2008.1096" ext-link-type="article-id"/>
        <abstract abstract-type="editor">
            <p>Belgian and U.S. researchers have elucidated a symbiosis between hypoxic and oxygenated tumor cells that could be harnessed to kill the former cell type by targeting a <underline>lactate transporter</underline> on the latter type. If a suitable inhibitor of the transporter is identified, it could complement existing therapies.</p>
        </abstract>
        <counts>
            <page-count count="4"/>
        </counts>
        <custom-meta-group>
            <custom-meta specific-use="change">
                <meta-name>erratum</meta-name>
                <meta-value>
                    <named-content content-type="date-of-change">2009-02-12</named-content>
                    <named-content content-type="change">In the version of the supplementary information for this article originally posted online, the descriptions of Supplementary Videos 1&#x2014;6 were incorrect. The errors have been corrected as of 27 January 2009.</named-content>
                </meta-value>
            </custom-meta>
            <custom-meta specific-use="change">
                <meta-name>correctn</meta-name>
                <meta-value>
                    <named-content content-type="person-given-names">Sarada</named-content>
                    <named-content content-type="person-surname">Callison</named-content>
                    <named-content content-type="date-of-change">2006-05-08</named-content>
                    <named-content content-type="location">acknowledgments</named-content>
                    <named-content content-type="change">added note to HTML; replaced PDF</named-content>
                    <named-content content-type="reason">In the version of this article initially published, a funding source was omitted. The following statement should be added to the end of the Acknowledgments section: "D.A. Bosco is grateful to the National Institutes of Health for a postdoctoral fellowship. We thank the National Institutes of Health (NS050636), the Skaggs Institute for Chemical Biology and the Lita Annenberg Hazen Foundation for financial support." The error has been corrected in the PDF version of the article.</named-content>
                </meta-value>
            </custom-meta>
        </custom-meta-group>
    </article-meta>
</front>
<body>
    <p>A team of Belgian and U.S. researchers has demonstrated that hypoxic tumor cells can be killed by targeting solute carrier family 16, member 1 (monocarboxylic acid transporter 1), a membrane lactate transporter protein expressed on oxygenated tumor cells. The approach should mesh well with existing chemo- and radiotherapies, and systemic inhibition of the transporter is not likely to have severe side effects.</p>
    <p>For more than 50 years it has been known that the tumor microenvironment consists of two distinct compartments&#x2014;the oxygenated compartment, which is located near tumor blood vessels, and the hypoxic compartment, which is typically located near the tumor core. Hypoxic tumor cells are difficult to target with conventional chemo- and radiotherapies because of their low-oxygen environment and distance from blood vessels.<disp-quote id="pq1"><p>&#x201C;What's clever about MCT1 inhibition is that it targets the oxygenated tumor compartment, but its effect is on the hypoxic one.&#x201D;</p><address><institution>Threshold Pharmaceuticals Inc.</institution></address><attrib>Charles Hart</attrib></disp-quote>
    </p>
    
    <p>Tumor hypoxia is associated with progression to malignancy and cancer relapse&#x2014;making hypoxic tumor cells important, if elusive, drug targets.</p>
    <p>The relationship between tumor compartments was previously thought to be strictly one way: oxygenated cells used most of the available oxygen to produce energy from glucose, leaving hypoxic cells to produce most of their energy via anaerobic fermentation, releasing lactate as a by-product.</p>
    <p>In a paper in the <italic>Journal of Clinical Investigation</italic>, however, researchers demonstrated that the relationship is symbiotic and that the symbiosis can be exploited therapeutically.<xref  ref-type="bibr" rid="b1"/></p>
    <sec specific-use="heading-level-1">
        <title>Fuel service</title>
        <p>First, the team found that oxygenated human cervical squamous carcinoma cells could metabolize exogenous lactate. This led to the hypothesis that lactate released by hypoxic cells&#x2014;conventionally viewed as a waste product&#x2014;could actually fuel oxygenated tumor cells.</p>
        <p>To confirm this, the team injected mice bearing squamous cervical carcinoma xenografts with <sup>13</sup>C-labeled lactate, then excised the tumors 30 minutes later. NMR experiments in extracts from those tumors detected <sup>13</sup>C-labeled glutamate, a lactate metabolite, which demonstrated that oxygenated tumor cells could indeed take up and metabolize lactate.</p>
        <p>Next, the team used either RNAi or &#x3B1;-cyano-4-<sc>L</sc>-hydroxycinnamate, a commercially available selective solute carrier family 16, member 1 (monocarboxylic acid transporter 1) (SLC16A1; MCT1) inhibitor, to block MCT1 activity in squamous cervical carcinoma cell cultures. MCT1 is a membrane protein that mediates lactate uptake in human muscle cells during intense exercise.</p>
        <p>Both methods of MCT1 inhibition completely blocked the uptake of lactate by the cancer cells.</p>
        <p>Moreover, the lactate blockade caused the cells to switch from a balance between lactate metabolism and glycolysis to only glycolysis for energy production. This result led the team to hypothesize that forcing oxygenated cells to switch to glycolysis only <italic>in vivo</italic> might in turn cut off the glucose supply to hypoxic cells.</p>
        <p>In mouse models of lung and colorectal cancer, inhibition of MCT1 with &#x3B1;-cyano-4-<sc>L</sc>-hydroxycinnamate slowed tumor growth by inducing the same glycolytic switch in oxygenated tumor cells, which indeed had the added benefit of depriving hypoxic cells of glucose and killing them.</p>
        <p>Moreover, a combination of &#x3B1;-cyano-4-<sc>L</sc>-hydroxycinnamate treatment and radiation had a synergistic effect on decreasing tumor growth compared with using either treatment alone.</p>
        <p>Lastly, the team confirmed that MCT1 is expressed in the oxygenated compartments of a range of human cancers, including breast, head and neck, colorectal, lung and neuroblastoma tumors. This suggests that the combination of MCT1 inhibition and radiation could have broad clinical applications, said Pierre Sonveaux, an associate professor of pharmacology and therapeutics at the <ext-link xlink:href="http://www.uclouvain.be/"><bold>Universit&#xE9; Catholique de Louvain</bold></ext-link> (UCL) and lead author on the <italic>JCI</italic> paper.</p>
        <p>The research team was led by Olivier Feron, associate professor of pharmacology and therapeutics at UCL, and Mark Dewhirst, professor of radiation oncology and pathology and biomedical engineering at <ext-link xlink:href="http://medschool.duke.edu/"><bold>Duke University Medical Center</bold></ext-link>.</p></sec>
    <sec specific-use="heading-level-1">
        <title>Compartmentalized strategy</title>
        <p>Companies contacted by <italic>SciBX</italic> agreed that MCT1 inhibition could be a potent addition to combination therapy, but they wanted to know more about the potential side effects on muscles and neurons.</p>
        <p>Charles Hart, VP of biology at <ext-link xlink:href="http://www.biocentury.com/companies/Threshold_Pharmaceuticals_Inc?utm_source=1"><bold>Threshold Pharmaceuticals Inc.</bold></ext-link>, said the elucidation of a two-way, symbiotic interaction between tumor compartments was &#x201C;a revolutionary, paradigm-shifting idea&#x201D; that could lead researchers to think about cancer differently.</p>
        <p>Although lactate transport between hypoxic and oxygenated cells in muscle tissue is well characterized, no one had thought to apply that mechanism to the tumor microenvironment&#x2014;as the <italic>JCI</italic> authors did&#x2014;to find out whether the oxygenated compartment was using lactate to fuel growth and proliferation, he said.</p>
        <p>Instead, Hart said researchers were interested in how cancer cells responded to the acidifying environment that lactate caused, and sought to take advantage of that acidic environment, for example by developing compounds that were highly membrane-permeable under acidic conditions.</p>
        <p>&#x201C;What's clever about MCT1 inhibition is that it targets the oxygenated tumor compartment, but its effect is on the hypoxic one,&#x201D; said Hart. Thus an MCT1 inhibitor could work well in combination with a therapy that targeted either the oxygenated or hypoxic compartment, he said.</p>
        <p>But Hart added that the timing of dosing would be important: an MCT1 inhibitor would have to be given before any drug that was cytotoxic to oxygenated cells. Otherwise, the cytotoxic molecule could kill off the oxygenated cells before the MCT1 inhibitor could target them and kill hypoxic cells via glucose deprivation.</p>
        <p>Hart said an MCT1 inhibitor should also combine well with other agents that selectively target the hypoxic compartment.</p>
        <p>Threshold's TH-302 is a hypoxia-activated cytotoxic prodrug. It is in Phase I/II trials to treat soft tissue sarcoma, solid tumors, non&#x2013;small cell lung cancer (NSCLC) and pancreatic and prostate cancers.</p>
        <p>Emma Shtivelman, director of cancer research at <ext-link xlink:href="http://www.biocentury.com/companies/BioNovo_Inc?utm_source=1"><bold>BioNovo Inc.</bold></ext-link>, said the <italic>JCI</italic> paper highlighted &#x201C;a peculiarity of tumor cell biology&#x201D; that suggested a new approach to treating cancer. &#x201C;MCT1 is clearly a novel target whose inhibition could not only affect the ability of some tumor cells to take up lactate, but also disrupt glycolysis in other cells present in the same tumor,&#x201D; she said.</p>
        <p>Shtivelman added that &#x201C;the strategy of MCT1 inhibition is clearly complementary to the strategies targeting glycolysis in tumors,&#x201D; whether with glycolytic inhibitors such as 2-deoxyglucose or compounds that target enzymes in the glycolytic pathway.<xref ref-type="bibr"  rid="b2"/><disp-quote id="pq2"><p>&#x201C;The strategy of MCT1 inhibition is clearly complementary to the strategies targeting glycolysis in tumors.&#x201D;</p><address><institution>BioNovo Inc.</institution></address><attrib>Emma Shtivelman</attrib></disp-quote></p>
        <p>One potential strategy would be to give an MCT1 inhibitor to switch oxygenated tumor cells to glycolysis, then use a selective inhibitor of glycolysis to kill both the oxygenated and hypoxic cells, Shtivelman said.</p>
        <p>BioNovo's BZL101 is an aqueous extract from the herb <italic>Scutellaria barbata</italic> &#x201C;D. Don&#x201D; of the Lamiaceae family that inhibits glycolysis and selectively induces cell death in tumors. The compound is in a Phase II trial to treat advanced breast cancer and has completed a Phase I trial in pancreatic cancer.</p></sec>
    <sec specific-use="heading-level-1">
        <title>Lactate on the mind (and muscle)</title>
        <p>Going forward, Threshold's Hart thought the <italic>JCI</italic> paper provided sufficient proof of concept that MCT1 is a viable drug target&#x2014;assuming that additional experiments demonstrated no major adverse effects on healthy cells.</p>
        <p>Shtivelman said the safety issue needs to be probed, because one potential drawback to MCT1 inhibition is that at least two types of normal tissues&#x2014;skeletal white muscle and red muscle&#x2014;can rely on lactate oxidation for energy production. She added that lactate has also been shown to play a role in the metabolic interactions between neurons and glia.<xref ref-type="bibr" rid="b3"/></p>
        <p>Indeed, a paper in <italic>Nature Cell Biology</italic> by researchers at the <ext-link xlink:href="http://www.unc.edu/"><bold>University of North Carolina at Chapel Hill</bold></ext-link> has elucidated a role for glycolysis in the antiapoptotic mechanisms of both cancer cells and healthy neurons (<italic>see</italic>&#xA0;<bold><xref ref-type="boxed-text" rid="bx1">Box 1</xref></bold><bold>, &#x201C;Un-reducing apoptosis&#x201D;</bold>).<xref ref-type="bibr"  rid="b4"/></p>
        <p>Thus, Shtivelman said, the combination of an inhibitor of lactate uptake or oxidation, plus a glycolysis inhibitor, could have dangerous effects on muscle and neuronal tissues.</p>
        <p>UCL's Sonveaux disagreed that MCT1 inhibition could have serious toxic effects. He said MCT1 has a lower affinity for lactate than other MCTs found in healthy tissues.</p>
        <p>&#x201C;This means that MCT1 exerts a physiological role only when the other transporters are saturated&#x2014;as it is the case, for example, during intensive exercise&#x201D; or recovery from ischemic injuries, Sonveaux said.
            <disp-quote id="pq3"><p>&#x201C;MCT1 exerts a physiological role only when the other transporters are saturated.&#x201D;</p><address><institution>Universit&#xE9; Catholique de Louvain</institution></address><attrib>Pierre Sonveaux</attrib></disp-quote></p>
        <p>Sonveaux also noted that patients with exercise intolerance due to ubiquitous <italic>MCT1</italic> deletion have no symptoms while at rest. &#x201C;These patients experience muscle cramps only during <italic>intensive</italic> exercise, and the symptoms are reversible,&#x201D; he said.</p>
        <p>Similarly, he noted that whereas both MCT1 and MCT2 can facilitate lactate transport in neurons, MCT2 has the higher lactate affinity of the two, suggesting that the effects of MCT1 inhibition on neurons might be limited to transient lethargy.</p>
        <p>Finally, Sonveaux said the team that published the <italic>JCI</italic> paper observed no pathological symptoms or gross behavioral changes in mice given &#x3B1;-cyano-4-hydroxycinnamate.</p></sec>
    <sec specific-use="heading-level-1">
        <title>Fuel speed ahead</title>
        <p>Sonveaux added that other known MCT1 inhibitors have off-target effects due to poor selectivity for MCT1. But despite its selectivity for MCT1, Sonveaux said &#x3B1;-cyano-4-hydroxycinnamate was not a drug candidate because it is poorly soluble in water. The team is collaborating with chemists to develop more drug-like analogs, he said.</p>
        <p>The team is also designing high throughput screens to identify new MCT1 inhibitors.</p>
        <p>Sonveaux and Feron declined to disclose the IP status of their findings. Sonveaux did say the team was seeking to collaborate with at least two undisclosed companies that already have MCT1 inhibitors in discovery for noncancer indications.</p>
        <p>Meanwhile, Dewhirst and colleagues at Duke Medical Center have found genetic correlations between the <italic>in vitro</italic> responses of cancer cells to lactate accumulation and clinical outcomes <italic>in vivo</italic>.</p>
        <p>In a report in <italic>PLoS Genetics</italic>, the Duke team showed that human mammary epithelial cells can respond to the accumulation of extracellular lactate (lactic acidosis) by shutting down glycolysis&#x2014;a negative-feedback loop that minimized the extent of glycolysis and hypoxia in those tumors.<xref ref-type="bibr" rid="b5"/></p>
        <p>The genetic markers associated with a strong response to lactic acidosis were also associated with positive clinical outcomes in breast cancer patients. This led the team to write that those genetic markers could be prognostic indicators for breast and possibly other cancers.</p>
        <p>The findings could lead to new therapeutic strategies to treat cancer, according to Jen-Tsan Ashley Chi, leader of the <italic>PLoS</italic> research team and assistant professor of molecular genetics and microbiology at Duke University Medical Center.</p>
        <p>&#x201C;The cancer cell has a way of sensing the pH outside itself and adjusting its lactate production accordingly,&#x201D; he said.</p>
        <p>The group is investigating the molecular and transcriptional mechanisms by which the cell accomplishes this balancing act.</p>
        <p>A small molecule that triggered the same response to lactic acidosis&#x2014;even in the absence of extracellular lactate&#x2014;could be one possible therapeutic application of those ongoing studies, said Chi.</p>
        <p>Coauthor Dewhirst said the findings reported in <italic>PLoS Genetics</italic> are not patented.</p></sec>
    <sec specific-use="heading-level-1">
        <title>Companies and institutions mentioned</title>
        <p><list id="l1" list-type="bullet">
            <list-item><p><ext-link xlink:href="http://www.biocentury.com/companies/BioNovo_Inc?utm_source=1"><bold>BioNovo Inc.</bold></ext-link> (NASDAQ:BNVI), Emeryville, Calif.</p></list-item>
            <list-item><p><ext-link xlink:href="http://medschool.duke.edu/"><bold>Duke University Medical Center</bold></ext-link>, Durham, N.C.</p></list-item>
            <list-item><p><ext-link xlink:href="http://www.ethz.ch/index_EN"><bold>Swiss Federal Institute of Technology</bold></ext-link>, Zurich, Switzerland</p></list-item>
            <list-item><p><ext-link xlink:href="http://www.biocentury.com/companies/Threshold_Pharmaceuticals_Inc?utm_source=1"><bold>Threshold Pharmaceuticals Inc.</bold></ext-link> (NASDAQ:THLD), Redwood City, Calif.</p></list-item>
            <list-item><p><ext-link xlink:href="http://www.uclouvain.be/"><bold>Universit&#xE9; Catholique de Louvain</bold></ext-link>, Brussels, Belgium</p></list-item>
            <list-item><p><ext-link xlink:href="http://www.unc.edu/"><bold>University of North Carolina at Chapel Hill</bold></ext-link>, Chapel Hill, N.C.</p></list-item>
            <list-item><p><ext-link xlink:href="http://www.uzh.ch/"><bold>University of Zurich</bold></ext-link>, Zurich, Switzerland</p></list-item></list></p></sec>
</body>
<back>
    <ref-list>
        <title>References</title>
        <ref id="b1"><element-citation xlink:role="original-article" publication-type="journal">
            <name><surname>Sonveaux</surname><given-names>P</given-names></name>
            <etal/>
            <source>J. Clin. Invest.</source><year>2008</year><month>11</month><day>20</day>
            <elocation-id content-type="doi">10.1172/JCI36843</elocation-id>
            <named-content content-type="contact">Pierre Sonveaux, Universit&#xE9; Catholique de Louvain, Brussels, Belgium <email>pierre.sonveaux@uclouvain.be</email></named-content>
        </element-citation></ref>
        <ref id="b2"><element-citation xlink:role="original-article" publication-type="journal">
            <name><surname>Pelicano</surname><given-names>H.</given-names></name> <etal/>
            <source>Oncogene</source> <volume>25</volume><fpage>4633</fpage><lpage>4646</lpage><year>2006</year>
        </element-citation></ref>
        <ref id="b3"><element-citation xlink:role="original-article" publication-type="journal">
            <name><surname>Hashimoto</surname><given-names>T.</given-names></name> <etal/>
            <source>PLoS One</source> <volume>3</volume><fpage>e2915</fpage><year>2008</year><month>11</month><day>23</day>
            <elocation-id content-type="doi">10.1371/journal.pone.0002915</elocation-id>
        </element-citation></ref>
        <ref id="b4"><element-citation xlink:role="original-article" publication-type="journal">
            <name><surname>Vaughn</surname><given-names>A.</given-names></name><name><surname>Deshmukh</surname><given-names>M.</given-names></name>
            <source>Nat. Cell Biol.</source><year>2008</year><month>11</month><day>23</day>
            <elocation-id content-type="doi">10.1038/ncb1807</elocation-id>
            <named-content content-type="contact">Mohanish Deshmukh, University of North Carolina at Chapel Hill, Chapel Hill, N.C. <email>mohanish@med.unc.edu</email></named-content>
        </element-citation></ref>
        <ref id="b5"><element-citation xlink:role="original-article" publication-type="journal">
            <name><surname>Chen</surname><given-names>J.L.-Y.</given-names></name> <etal/>
            <source>PLoS Genet.</source> <volume>4</volume><fpage>e1000293</fpage><year>2008</year><month>12</month><day>5</day>
            <elocation-id content-type="doi">10.1371/journal.pgen.1000293</elocation-id>
        </element-citation></ref>
        <ref id="b6"><element-citation xlink:role="original-article" publication-type="webpage">
            <collab>U.S. Food and Drug Administration</collab>
            <source>Notice of solicitation for the sequencing quality control project.</source>
            <ext-link ext-link-type="uri" xlink:href="http://www.fda.gov/OHRMS/DOCKETS/98fr/FDA-2008-N-0644-n.pdf">http://www.fda.gov/OHRMS/DOCKETS/98fr/FDA-2008-N-0644-n.pdf</ext-link>
        </element-citation></ref>
        <ref id="b7"><element-citation xlink:role="original-article" publication-type="book">
            <name><surname>Abdool Karim</surname><given-names>S.S.</given-names></name>
            <person-group person-group-type="editor">
                <name><surname>Leitner</surname><given-names>T</given-names></name>
                <etal/>
            </person-group>
            <source>HIV Sequence Compendium 2005</source><fpage>33</fpage><lpage>40</lpage>
            <year>2005</year>
            <publisher-name>Los Alamos National Laboratory</publisher-name>
            <publisher-loc>Los Alamos, N.M.</publisher-loc>
            <elocation-id content-type="doi"></elocation-id>
        </element-citation></ref>
    </ref-list>

    <boxed-text id="bx1">
        <caption><title>Un-reducing apoptosis.</title></caption>
        <p>Both cancer cells and healthy neurons outlive other normal cells by deregulating mechanisms of mitochondrial apoptosis, a key step of which is the release of the molecule cytochrome <italic>c</italic>, somatic (CYCS) from the mitochondrial membrane in response to apoptotic stimuli such as DNA damage and reactive oxygen species. Both cell types also rely heavily on glycolysis for energy, but how that process plays a role in antiapoptosis has been unknown.</p>
        <p>Researchers at the <ext-link xlink:href="http://www.unc.edu/"><bold>University of North Carolina at Chapel Hill</bold></ext-link> (UNC) have now shown that glycolysis in cancer cells and neurons keeps CYCS in a reduced state, thereby preventing the protein from activating proapoptotic pathways. Based on the findings, the researchers suggested that both neurodegeneration and cancer could be treated by modulating the redox state of CYCS.<xref ref-type="bibr" rid="b4"/></p>
        <p>To investigate the connection between glycolysis and antiapoptosis, the UNC group treated human cervical cancer cells, rat hepatocellular carcinoma cells and mouse embryonic fibroblasts with either hydrogen peroxide to raise the oxidation level of the cells or glutathione to lower the oxidation level. Cells treated with peroxide were more susceptible to CYCS-mediated apoptosis than cells treated with glutathione, indicating that CYCS requires an oxidizing environment to induce cell death.</p>
        <p>Inhibition of the pentose phosphate pathway&#x2014;by which glycolysis leads to glutathione production&#x2014;also increased the oxidation state of the cancer cells and made them more susceptible to CYCS-mediated apoptosis.</p>
        <p>Similarly, raising the oxidation level of healthy mouse neurons by treating them with peroxide or inhibiting the pentose phosphate pathway also promoted CYCS-mediated apoptosis.</p>
        <p>&#x201C;Our results suggest that forcing cancer cells to be in an oxidizing environment would make them more susceptible to apoptosis induced by cytochrome <italic>c</italic> release from the mitochondria,&#x201D; thereby increasing the effectiveness of chemotherapy, Mohanish Deshmukh told <italic>SciBX.</italic> This could be accomplished by inhibiting the pentose phosphate pathway to block glutathione synthesis or by directly delivering oxidized CYCS or CYCS mimetics to the tumors, he said.</p>
        <p>Deshmukh, an associate professor of cell and developmental biology at UNC, was an author on the <italic>Nature Cell Biology</italic> paper that described the results.</p>
        <p>Conversely, Deshmukh said blocking oxidation of CYCS in neurons might be a strategy to treat neurodegenerative disorders, such as Parkinson's disease (PD), in which the accumulation of reactive oxygen species and oxidized proteins play a role. &#x201C;Antioxidants could restrict the apoptotic pathway to spare a neuron's life,&#x201D; he said.</p>
        <p>&#x201C;The results are indeed very intriguing, and the link between neuronal glucose metabolism and cancer cell metabolism is appealing,&#x201D; said Nicolai Savaskan, a research group leader at the <ext-link xlink:href="http://www.uzh.ch/"><bold>University of Zurich</bold></ext-link>'s Institute of Brain Research.</p>
        <p>But before the <italic>Nature Cell Biology</italic> findings could be translated into cancer therapeutics, Savaskan said, more work is needed to understand how increasing the oxidation levels of normal cells&#x2014;thereby generating more reactive oxygen species in those cells&#x2014;would affect their survival.</p>
        <p>Savaskan is also a research group leader at the <ext-link xlink:href="http://www.ethz.ch/index_EN"><bold>Swiss Federal Institute of Technology</bold></ext-link>.</p>
        <p>Deshmukh said his group has already uncovered some differences between the apoptotic pathways of normal cells and cancer cells. He cited a paper the team published last year in the <italic>Proceedings of the National Academy of Sciences</italic>, showing that the direct injection of excess CYCS induced apoptosis in brain tumor cells but not healthy neurons.<xref ref-type="bibr" rid="b6"/></p>
        <p>&#x201C;This opens the possibility of using cytochrome <italic>c</italic> itself as a drug&#x201D; to treat brain tumors, Deshmukh said. To that end, his group is looking at nanoparticles to deliver CYCS into cells and screening for small molecule mimetics of CYCS.</p>
        <p>The group is also looking for other metabolic pathways and molecular mechanisms that are common to both cancer cells and neurons, he said.</p>
        <p>Deshmukh said the findings reported in <italic>Nature Cell Biology</italic> are not patented.</p>
        <attrib specific-use="byline"><italic>&#x2014;MJH</italic></attrib>
    </boxed-text>
</back>
    
</article>
